{"ciudades":[{"nombre":"Nueva York","latitud":40.7127837,"longitud":-74.0059413,"temperatura":16,"poblacion":8538000},{"nombre":"Bogota","latitud":4.693430083239379,"longitud":-74.07373594181695,"temperatura":14,"poblacion":8080000},{"nombre":"Rio de Janeiro","latitud":-22.909030280754692,"longitud":-43.18329552012386,"temperatura":23,"poblacion":6476631}]}